name,iterations,real_time,cpu_time,time_unit,bytes_per_second,items_per_second,label,error_occurred,error_message
"1",2,3.79459e+08,3.79381e+08,ns,,2.63588e+09,,,
"2",2,3.61046e+08,3.61006e+08,ns,,2.76973e+09,,,
"3",2,3.63354e+08,3.63256e+08,ns,,2.75214e+09,,,
"4",2,3.63479e+08,3.63335e+08,ns,,2.75119e+09,,,
"5",2,3.64451e+08,3.64401e+08,ns,,2.74385e+09,,,
"6",2,3.70146e+08,3.70064e+08,ns,,2.70163e+09,,,
"7",2,3.68392e+08,3.6836e+08,ns,,2.7145e+09,,,
"8",2,3.61981e+08,3.61911e+08,ns,,2.76258e+09,,,
"9",2,3.59695e+08,3.5961e+08,ns,,2.78014e+09,,,
"10",2,3.67515e+08,3.67448e+08,ns,,2.72098e+09,,,
